filename,label
training_data\2\20260906_214408_234125.npy,2
training_data\2\20260906_214413_582907.npy,2
training_data\2\20260906_214421_286676.npy,2
training_data\0\20260906_214430_584788.npy,0
training_data\0\20260906_214437_558873.npy,0
training_data\1\20260906_214442_972636.npy,1
training_data\1\20260906_214450_116582.npy,1
training_data\3\20260906_214456_001530.npy,3
training_data\3\20260906_214501_885632.npy,3
training_data\3\20260906_214508_873796.npy,3
training_data\3\20260906_214519_470241.npy,3
training_data\4\20260906_214548_393871.npy,4
training_data\4\20260906_214555_754933.npy,4
training_data\4\20260906_214605_121951.npy,4
training_data\4\20260906_214610_917116.npy,4
training_data\5\20260906_214624_534394.npy,5
training_data\5\20260906_214629_948141.npy,5
training_data\5\20260906_214637_460233.npy,5
training_data\6\20260906_214643_371087.npy,6
training_data\6\20260906_214651_753742.npy,6
training_data\7\20260906_214657_297126.npy,7
training_data\7\20260906_214702_605794.npy,7
training_data\7\20260906_214708_549320.npy,7
training_data\7\20260906_214715_781522.npy,7
training_data\7\20260906_214726_244203.npy,7
training_data\8\20260906_214735_981709.npy,8
training_data\8\20260906_214742_865352.npy,8
training_data\8\20260906_214748_095028.npy,8
training_data\8\20260906_214754_897393.npy,8
training_data\9\20260906_214805_425964.npy,9
training_data\9\20260906_214810_432135.npy,9
training_data\9\20260906_214821_305025.npy,9
